{"model_3class": {"-1.0": {"precision": 0.9726027397260274, "recall": 0.9726027397260274, "f1-score": 0.9726027397260274, "support": 73.0}, "0.0": {"precision": 0.75, "recall": 0.42857142857142855, "f1-score": 0.5454545454545454, "support": 7.0}, "1.0": {"precision": 0.9090909090909091, "recall": 1.0, "f1-score": 0.9523809523809523, "support": 30.0}, "accuracy": 0.9454545454545454, "macro avg": {"precision": 0.8772312162723122, "recall": 0.8003913894324853, "f1-score": 0.8234794125205083, "support": 110.0}, "weighted avg": {"precision": 0.941115702479339, "recall": 0.9454545454545454, "f1-score": 0.9399055489964581, "support": 110.0}}, "model_binary": {"-1.0": {"precision": 0.9864864864864865, "recall": 1.0, "f1-score": 0.9931972789115646, "support": 73.0}, "1.0": {"precision": 1.0, "recall": 0.9666666666666667, "f1-score": 0.9830508474576272, "support": 30.0}, "accuracy": 0.9902912621359223, "macro avg": {"precision": 0.9932432432432432, "recall": 0.9833333333333334, "f1-score": 0.9881240631845959, "support": 103.0}, "weighted avg": {"precision": 0.9904224612962478, "recall": 0.9902912621359223, "f1-score": 0.9902420076143013, "support": 103.0}}}